{
    "routes": [{
        "path": "/webapp/resources",
        "target": {
            "type": "service",
            "name": "sapui5",
            "entryPath": "/resources"
        },
        "description": "SAPUI5 Resources"
    }, {
        "path": "/webapp/test-resources",
        "target": {
            "type": "service",
            "name": "sapui5",
            "entryPath": "/test-resources"
        },
        "description": "SAPUI5 Test Resources"
    }, {
        "path": "/resources",
        "target": {
            "type": "service",
            "name": "sapui5",
            "entryPath": "/resources"
        },
        "description": "SAPUI5 Resources"
    }, {
        "path": "/test-resources",
        "target": {
            "type": "service",
            "name": "sapui5",
            "entryPath": "/test-resources"
        },
        "description": "SAPUI5 Test Resources"
    }, {
        "path": "/CVInfoPulse",
        "target": {
             "type": "destination",
             "name": "CVInfoPulse"
        },
        "description": "extFiori"
    }],
    "welcomeFile": "/webapp/index.html",
    "sendWelcomeFileRedirect": true
}
